职位名称,公司名称,公司类型,公司规模,薪酬,学历,工作经验,是否全职,职位页面,岗位职责
交付工程师,百融云创科技股份有限公司,股份制企业,500-999人,6K-8K,本科,1-3年,全职,https://jobs.zhaopin.com/CC681448026J00108425514.htm,"岗位职责：1.售前阶段，辅助商务解答客户技术问题，介绍对接流程；2.负责技术支持，与客户方技术人员沟通，推动实施部署工作；3.负责产品实施过程中的疑问解答和问题处理，指导客户的对接工作；4.产品上线后，负责对客户信息实时跟踪，及时发现问题并跟进解决；5.负责重点客户主动管理，收集客户需求和反馈，推动产品优化以提升客户体验，增强客户粘性。岗位要求：1.统招本科，计算机相关专业；2.了解java技术以及json相关知识；3.掌握一定的网络知识，有一定的网络故障判断能力；4.逻辑思维清晰，具有良好的文字及语言表达能力，优秀的团队合作精神；5.有良好的沟通能力和客户服务意识，有很强的工作主动性和责任心。"
U3D客户端程序,上海一颗种子网络科技有限公司,民营,20人以下,12K-20K,本科,1-3年,全职,https://jobs.zhaopin.com/CZ727144380J00012437007.htm,"职位：客户端游戏程序员岗位职责：-参与海外高品质游戏开发，与相关技术的精英一同负责基于Android、iOS等智能终端平台的网络游戏。岗位要求：-本科及以上学历，计算机相关专业优先考虑-2年及以上Unity3D项目开发经验，有手机网络游戏开发经验优先考虑。-具备扎实的C#语言基础、数据结构及算法基础和丰富的debug经验，熟悉常用设计模式、多线程和网络编程。-熟悉图形学者优先考虑。-有iOS或Android经验者优先考虑。"
Python工程师,上海集钢电子商务有限公司,民营,100-499人,6K-8K,大专,不限,全职,https://jobs.zhaopin.com/399612635356609.htm,"岗位职责:1.后端实现，保障稳定性、性能。包括需求分析分解、设计、开发;2.与产品其他部分联动，使用规范的流程思维，定义接口设计并跟进完成;3.处理服务端开发中的常见问题;任职要求:1.计算机等相关专业的专科以上学历；2.熟练使用 Python 及 Linux环境，Redis、MySQL数据；3.熟悉敏捷开发；4.具备良好的团队合作和沟通能力，具备良好的学习钻研能力；5.优越的办公环境，朝九晚六周末双休，"
python开发工程师,上海淘利资产管理有限公司,民营,20-99人,10K-15K,本科,1-3年,全职,https://jobs.zhaopin.com/CC430487518J00325528908.htm,"岗位职责：1）  参与公司产品研发与项目开发工作，在充分理解业务需求基础上，完成基于WEB的应用系统的需求、设计、用户手册等各类技术文档撰写；2）  按时高质量地完成WEB应用系统各种前后端模块的编码开发和调试工作；3）  协助完成WEB应用系统的部署与上线运营，后期维护工作；4）  参与技术攻关与创新技术引用，不断完善和优化已有产品。任职要求：1） 统招本科及以上学历，信息类专业，1年以上相关工作经验；2） 前端基础知识扎实，熟练掌握原生 JavaScript/CSS3/HTML5等语言规范，能熟练使用Vue.js、Electron等开发框架者优先；3） 熟练掌握Python开发语言，能熟练使用Django开发框架者优先；4） 熟悉关系型数据库、NoSQL数据库、缓存、消息队列等常用中间件；5） 积极主动的进取心，良好的学习能力、沟通能力和团队合作精神；"
python开发工程师,上海蜗兴科技有限公司,民营,20-99人,8K-10K,大专,1-3年,全职,https://jobs.zhaopin.com/CC839265400J00260949205.htm,"任职要求：1、计算机相关专业大专及以上学历；2、有Python开发经验，熟悉Django、SQLAichemy等框架；3、熟悉SQL能进行简单的数据统计、分析；4、熟悉Web前端技能，包括HTML/CSS/JavaScript；5、对Web后端技术架构有基本的理解；6、有良好的团队合作精神，有责任感，有较好的沟通能力；7、喜欢尝试新的技术，对技术趋势和思路上能提出自己的见解。岗位职责：1、参与公司网站开发、维护、实施、测试；2、负责现有网站的维护和升级；3、负责解决开发过程中的技术问题；4、根据开发规范与流程独立完成编码、测试及相关文档；福利待遇：1、丰富多彩的集体活动（员工旅游，节日聚会，生日趴，年会等等。）2、入职购买五险一金、周末双休、员工旅游、员工体检、带薪年假。"
python开发工程师,上海益倍嘉信息技术有限公司,民营,100-499人,15K-20K,大专,3-5年,全职,https://jobs.zhaopin.com/CC497949624J00393565303.htm,"岗位职责：1、负责日常设计和开发工作；2、负责协助需求人员完成需求分析工作，编写设计文档;3、负责协助测试人员和用户完成测试；4、完成项目经理交代的其它任务；5、能够完成代码的研发工作，解决项目中关键问题和技术问题；岗位要求：1.     3年及以上相关岗位工作经验，计算机相关专业。2.     熟练掌握python语言的基本语法；3.     熟练掌握python Excel文件处理方法，如xlrd、xlwt，矩阵运算numpy；4.     熟悉python自动化开发者优先，如网页自动化、系统自动化、软件自动化等；5.     有RPA流程机器人开发经验者优先；6.     责任心强，沟通能力佳，执行能力强且善于思考。"
python架构师,上海众言网络科技有限公司,民营,100-499人,30K-40K,本科,5-10年,全职,https://jobs.zhaopin.com/CC233070517J00299528304.htm,"职位描述负责业务系统架构设计和落地；系统核心部分代码编写、指导和培训工程师、不断进行系统优化；职位要求本科（含）以上学历（一本以上），计算机相关专业；5年以上Python开发经验，2年以上架构设计经验；精通web开发框架（django/tornado/flask）精通基于Python代码的性能分析和优化；熟练掌握 MySQL、MongoDB、Redis 等常见数据库有大流量RESTful 服务设计、开发经验熟悉Linux平台环境下的开发，Shell编程；熟悉kubernetes；了解异步框架、集群与负载均衡，消息中间件等技术；具有复杂项目的管理经验以及跨部门合作能力和沟通能力"
高级python开发工程师,上海有孚网络股份有限公司,民营,100-499人,25K-40K,本科,5-10年,全职,https://jobs.zhaopin.com/CC000636993J00233315504.htm,"职位描述1.根据产品或项目的要求，参与业务分析和系统设计；2.完成编程、调试和单元测试工作；3.负责相关开发文档的编写；职位要求1.本科以上学历，计算机相关专业毕业；2个以上完整项目经验；2.有至少三年以上Python开发经验，能独立解决开发过程中遇到的各种问题；3.熟悉Django,了解HTTP协议,有Web应用程序开发经验;4.了解数据库原理,至少熟悉MySQL数据库,至少了解一种NoSQL数据库;5.熟悉Linux,对CentOS有深入了解;6.熟悉TCP/IP协议,有网络服务编程经验者优先;7.有丰富数据库使用经验者优先;8.有JAVA开发经验者优先；9.良好的编码风格和编程习惯，对高质量的代码有执着的追求;熟练掌握SVN，Git等代码版本管理工具的试用;10.良好的团队精神和沟通能力，高度的事业心和责任感，工作认真负责，具有良好的职业操守。"
python工程师,上海你福软件有限公司,民营,20-99人,15K-25K,本科,3-5年,全职,https://jobs.zhaopin.com/CC338030315J00330653708.htm,"· 本科及以上至少3年工作经历，计算机相关专业· 熟练掌握Python/C++编程语言，并有在Linux平台的开发经验· 较强的数学背景，有计算机图形学相关数学知识，并对处理大量高纬度数据有相关经验· 有AI/ML算法相关项目经验· 有软件在环SIL，硬件在环HIL等相关开发和测试经验"
python高级开发,上海众言网络科技有限公司,民营,100-499人,25K-35K,本科,5-10年,全职,https://jobs.zhaopin.com/CC233070517J00267703704.htm,"岗位要求：1、全日制统招本科及以上学历，计算机、软件工程等相关专业 ，年龄35岁以内；2、 5年及以上Web服务器端开发经验，有Python经验佳，Java、php亦可；3、有扎实的技术功底、有丰富的数据库建模经验，有丰富的性能优化经验 ；4、熟悉分布式系统的设计和应用，熟悉分布式、缓存、消息等机制；能对分布式常用技术进行合理应用，解决问题；5、具有较深的技术架构思维，确保设计的技术方案、开发的代码有较高性能、质量保障、扩展性，前瞻性 。岗位职责：1、负责问卷网平台服务端设计和代码实现 ；2、优化现有产品的功能和体验细节 ；3、对现有平台进行性能优化 ；4、积极调研新技术，随时准备用于产品 ；在这里，你将拥有——一群让你为之骄傲的小伙伴：热情坚定、乐于分享、自我驱动、追求极致的高效团队自由平等的潜力平台：福利体系（这只是一部分）：每周两次零食水果下午茶：随便吃，妈妈再也不用担心你长不胖生日会：全体伙伴陪你过 不让你孤单社团：花样运动...... 总有人与你志同道合学习成长：Mentor带你全方位成长，助你成为专业人才欢迎你来发现更多的精彩....."
python全栈开发工程师,上海欧锐信息咨询有限公司,民营,20-99人,10K-15K,大专,3-5年,全职,https://jobs.zhaopin.com/CC175981210J00263628102.htm,"岗位职责：1.领导公司数据可视化项目,具备一定产品经理能力，有爬虫经验；2.负责可视化展示设计的各个维度（如UI设计、可视化组件开发、定制化组件等）；3.清晰、美观和逻辑的表达内容，提供流畅美观并可自定义的数据展示效果，保证兼容性与适应性；4.针对客户的需求修改界面完成快速迭代，满足客户需求。岗位要求:1.熟练使用 python .net2.熟练使用 Flask2.熟悉可视化技术，包括但不限于 Echarts、D3、ighcharts、Threejs、WebGL；3.熟悉模块化、前端编译和构建工具，熟练运用主流的 JS 库和开发框架，例如：ReactJS、VueJS、Webpack等；有VueJS经验者优先4.掌握多种图表控件库，具备表格化、图形化的数据呈现能力5.熟练使用 git、github、linux 等工具;6.有良好的编码习惯, 能够编写清晰, 易于维护的代码;加分项:1.有前端数据可视化开发经验优先2.有 Flask 开发经验优先"
python工程师,上海塑盈供应链管理有限公司,民营,100-499人,15K-20K,本科,3-5年,全职,https://jobs.zhaopin.com/CC827304260J00372537203.htm,"职责描述：1、深入理解业务流程，建立业务数据指标体系与模型；2、对接投研部门需求，基于公司先有的数据建立行情数据库分析系统；3、根据业务需求，进行数据搜集、清洗、分析挖掘工作，完成各期货产品分析报告；4、基于数据，设计调整算法，总结有价值信息，为业务决策、管理等提供支持；5、参与企业数据产品的设计与实现。任职要求：1、精通Python语言，有Web后台服务开发的实际项目经验；2、熟练掌握至少一门Python Web开发框架（Tornado、Django、Flask等)；3、熟悉掌握至少一门Python 爬虫开发框架，精通selenium;4、熟练使用至少一种数据库（MySQL/PostgreSQL/Redis/MongoDB)；5、熟悉常用数据挖掘算法（如分类、聚类、回归等，有pytorch 经验优先）；6、有独立分析和解决问题的能力，有良好的团队合作精神，7、有金融方面开发经验者优先。"
数据分析及开发工程师（Python）,上海昕跃管理咨询有限公司,股份制企业,20-99人,10K-20K,大专,不限,全职,https://jobs.zhaopin.com/CC558116225J00403873807.htm,"工作描述：1、根据业务需求完成数据收集和整理；2、配合数据分析师完成数据处理算法和应用的开发；3、研究当前成熟的数据技术对公司业务改善的可行性；岗位要求:1、精通python编程；2、可以设计编写爬虫软件收集互联网数据，最好有一定的大数据处理经验。3、有良好的代码编写和管理习惯；4、善于沟通，具备团队合作精神；5、具备良好的自学能力和独立思考解决问题的能力。"
python开发工程师,合肥新华海信息技术有限公司,外商独资,100-499人,10K-16K,本科,3-5年,全职,https://jobs.zhaopin.com/CC197855629J00394079503.htm,"岗位职责：1、负责日常设计和开发工作；2、负责协助需求人员完成需求分析工作，编写设计文档;3、负责协助测试人员和用户完成测试；4、完成项目经理交代的其它任务；5、能够完成代码的研发工作，解决项目中关键问题和技术问题；岗位要求：1. 3年及以上相关岗位工作经验，计算机相关专业。2. 熟练掌握python语言的基本语法；3. 熟练掌握python Excel文件处理方法，如xlrd、xlwt，矩阵运算numpy；4. 熟悉python自动化开发者优先，如网页自动化、系统自动化、软件自动化等；5. 有RPA流程机器人开发经验者优先；6. 责任心强，沟通能力佳，执行能力强且善于思考。"
Python后端开发（HPC/AI方向）,上海吾创信息科技有限公司,民营,100-499人,8K-12K,本科,1-3年,全职,https://jobs.zhaopin.com/CC447720719J00329803008.htm,"1、计算机、电子工程及相关专业本科及以上学历，2、2年以上Python开发经验3、熟悉Linux下开发，熟悉Django框架4、有HPC高性能计算机/AI人工智能项目经验优先5、英语良好"
python开发工程师,北京天盛京享科技有限公司,民营,20-99人,15K-20K,大专,1-3年,全职,https://jobs.zhaopin.com/CC839864870J00193548113.htm,"职位描述高级Python 程序开发。开发量化自动交易系统，配合策略师在自动化交易系统上实现策略，保证交易策略的高速稳定运行。开发量化回测系统熟悉网络通讯协议，包括web socket，rest API，和各类交易接口对接。熟悉python numpy，pandas，scikit-learn, MongoDB, MYSQL.对交易框架有一定了解。算法好，对大数据数理统计建模，数据挖掘，机器学习有一定经验和心得。熟悉爬虫，对交易所数据的收集，维护，清洗和处理。有基础的金融常识和理解。对数字货币和区块链有基础了解。职位要求:基础要求：1、全日制本科及以上学历；2、精通Python、C++或JAVA，计算机语言并能独立编写程序， 加分项：1.3年以上python开发工作经验；2.有开发量化交易系统和策略支持的经验者优先考虑；3. 有自动化交易系统开发经验者优先，有数字货币或衍生品市场交易经验者优先。"
python开发工程师,上海益倍嘉信息技术有限公司,民营,100-499人,15K-20K,大专,3-5年,全职,https://jobs.zhaopin.com/CC497949624J00393565403.htm,"岗位职责：1、负责日常设计和开发工作；2、负责协助需求人员完成需求分析工作，编写设计文档;3、负责协助测试人员和用户完成测试；4、完成项目经理交代的其它任务；5、能够完成代码的研发工作，解决项目中关键问题和技术问题；岗位要求：1.     3年及以上相关岗位工作经验，计算机相关专业。2.     熟练掌握python语言的基本语法；3.     熟练掌握python Excel文件处理方法，如xlrd、xlwt，矩阵运算numpy；4.     熟悉python自动化开发者优先，如网页自动化、系统自动化、软件自动化等；5.     有RPA流程机器人开发经验者优先；6.     责任心强，沟通能力佳，执行能力强且善于思考。"
python软件开发工程师,上海河广信息科技有限公司,股份制企业,500-999人,10K-15K,大专,3-5年,全职,https://jobs.zhaopin.com/CC425936513J00054259004.htm,"职位概述：职位名称：Python工程师工作地点：上海汇报上级：研发主管合同类型:固定期限（非外包）薪酬：15万元/年左右（可视个人情况上调）（项目奖金、年终奖等其余福利额外计算）岗位职责：1. 参与公司日常自有产品的研发工作，与产品经理沟通确认需求，并独立完成研发工作。2. 参与公司自动化运维平台开发，通过自动化工具及流程提升运维效率。3. 能够按照软件开发规范进行开发，完成相关文档的编写工作。4. 与资深研发团队建立良好的沟通与协作。任职要求：1. 热爱软件技术，对代码有洁癖。做事具有条理性，具有良好的自学能力和分析问题、解决问题的能力。2. 有 2 年以上的 Python 开发工作经验，或 2 年以上的其他语言开发经验加 1 年以上的 Python 开发经验；懂数据结构及算法。3. 熟悉 Python 的各种规范，特别是 PEP-8。4. 有扎实的计算机系统原理知识，熟悉常用算法和数据结构，熟悉网络编程。5. 熟悉一种关系型数据库（如 MySQL）或一种 NoSQL 数据库（如 MongoDB）。6. 熟悉 Linux 操作系统，具有在 Linux 下开发软件的经验。7. 熟练使用至少一种版本管理工具，有 Git 经验者优先。8. 熟悉 Kafka、RabbitMQ 等消息队列技术者优先。9. 具备运维自动化开发工作经验者优先。10. 积极参与到公司自有产品的研发扩建中。"
python 高级程序员,上海网元电子商务有限公司,合资,20-99人,10K-15K,本科,1-3年,全职,https://jobs.zhaopin.com/CC439765921J00294238901.htm,"岗位职责1、独立完成软件系统的分析；2、参与软件产品项目规划工作，制定具体项目实施方案。任职资格1.  只会做爬虫的请不要投简历，简历中也不要说爬虫;2、计算机技术或专业本科以上学历；3、熟悉Sql Server等常规数据库；热衷于产品研发和技术发展；具有强烈的责任意识和开放的心态；4、熟练掌握 Python 语言，熟悉 Flask 框架;5、事业心强，勤奋好学，有团队精神。"
Scratch/Python课程设计师,立乐教育科技(上海)有限公司,合资,20-99人,8K-15K,本科,不限,全职,https://jobs.zhaopin.com/CC457165781J00377377903.htm,"岗位职责：1、主要负责协助课程设计师团队完成产品的课程开发工作，包括教学案例作品的设计与制作相应的技术文档（教材、手册等）；2、参与编程课程开发工作，研究和设计基于公司产品的课程体系与教学模式。3、支持并提供教学老师在课前、课中以及课后所需的材料。任职资格:1、统招本科及以上学历，师范类、理工类、设计创意类相关专业；2、热爱教育行业及愿意推广编程教育、计算思维教育；3、学习能力、团队合作能力强，对前沿的科技教育有浓厚兴趣；4、具备一定编程基础，熟悉Scratch图形化编程、Python编程者优先。"
深度学习开发工程师（python）,上海华钦瑞成信息技术有限公司,其它,不限,10K-15K,本科,1-3年,全职,https://jobs.zhaopin.com/CC525555530J00324430002.htm,"Requirement：- 熟练掌握python/numpy- 对NNabla/tensorflow/Caffe有一定了解，有过相关开发经验- 对Detection/Recognition/Segmentation等任何一种有过实际算法开发经验，对YoLo等常见网络有所了解"
python实习生,上海河广信息科技有限公司,股份制企业,500-999人,6K-8K,大专,不限,实习,https://jobs.zhaopin.com/CC425936513J00114118104.htm,"职位概述：职位名称：Python工程师工作地点：上海汇报上级：研发主管合同类型:固定期限（非外包）薪酬：11万元/年左右（可视个人情况上调）（项目奖金、年终奖等其余福利额外计算）岗位职责：1. 参与公司日常自有产品的研发工作，与产品经理沟通确认需求，并独立完成研发工作。2. 参与公司自动化运维平台开发，通过自动化工具及流程提升运维效率。3. 能够按照软件开发规范进行开发，完成相关文档的编写工作。4. 与资深Python研发团队建立良好的沟通与协作。任职要求：1. 热爱软件技术，对代码有洁癖。做事具有条理性，具有良好的自学能力和分析问题、解决问题的能力。2. 熟悉 Python 的各种规范，特别是 PEP-8。3. 有扎实的计算机系统原理知识，熟悉常用算法和数据结构，熟悉网络编程。4. 熟悉一种关系型数据库（如 MySQL）或一种 NoSQL 数据库（如 MongoDB）。5. 熟悉 Linux 操作系统，具有在 Linux 下开发软件的经验。6. 熟练使用至少一种版本管理工具，有 Git 经验者优先。7. 熟悉 Kafka、RabbitMQ 等消息队列技术者优先。8. 具备运维自动化开发工作经验者优先。9. 积极参与到公司自有产品的研发扩建中。"
爬虫开发工程师（Python）,苏州万恒达新资产管理有限公司,不限,20人以下,8K-16K,本科,3-5年,全职,https://jobs.zhaopin.com/CC507517230J00309048404.htm,"岗位职责:1、负责搭建或维护爬虫系统开发网页数据的自动化爬取脚本2、负责数据的抓取、解析、清洗、入库3、研究设计爬虫模板提高扩展性加快开发效率4、持续优化系统提高系统的稳定性5、与大数据工程师对接，完成实时数据与离线数据的爬取与对接任职资格:1、三年以上爬虫开发，内容提取工作，有电商网站抓取经验者优先2、精通网页抓取原理及技术，熟悉基于COOKIE或JWT网站登录原理3、精通Python，对HTTP协议及HTML有深入的了解4、精通正则表达式，DOM，XPath，CSS5、熟悉scrapy，selenium，常用反爬虫策略6、熟悉高并发、高性能的分布式系统设计及应用，有数据库调优，海量数据储存和7、处理经验者优先8、熟悉python开发框架，django或是flask优先9、具备良好的编程习惯和算法基础，具有较强的分析解决问题能力10、学习能力强，有一定的抗压能力，善于沟通和团队协作，乐于分享"
数据分析及开发工程师（Python）,上海喜士多便利连锁有限公司,民营,1000-9999人,10K-16K,本科,1-3年,全职,https://jobs.zhaopin.com/CC000584094J00315376302.htm,"工作描述：1、根据业务单位需求完成数据收集和整理；2、配合大数据分析师完成数据处理算法和应用的开发；3、研究当前成熟的AI技术对公司业务改善的可行性；岗位要求:1、计算机相关专业，精通python编程；2、对自然语言处理有兴趣；3、可以设计编写爬虫软件收集互联网数据，最好有一定的大数据处理经验。4、熟悉关系型数据库（Oracle/MySQL）和SQL语法；5、有良好的代码编写和管理习惯，熟悉一种主流的版本控制系统（SVN/Git）；6、善与人沟通、责任心强、具有团队合作精神、具备良好的自学能力和独立思考解决问题的能力。联系方式：杨小姐 ①③⑥⑥①⑨⑧⑥⑧②⑥"
python,中软国际科技服务有限公司深圳分公司,上市公司,10000人以上,薪资面议,本科,1-3年,全职,https://jobs.zhaopin.com/CC508620126J00424047205.htm,"任职要求1、扎实的软件开发能力,具备shell、Pyhton脚本开发能力2、两年以上开发经验3、有自动化脚本测试、维护、开发经验优先。"
Python开发工程师（惠普）,上海微创软件股份有限公司,合资,1000-9999人,10K-15K,大专,1-3年,全职,https://jobs.zhaopin.com/CC000638929J00376898705.htm,"1、2-3年（java）开发经验，会Python开发或者R语言开发，对Flask，Celery，Django等常用库/框架熟悉2、了解AWS,API开发3、有测试相关经验，或者愿意做测试部分工作（少量）4、英语具备读写能力，能开口为佳5、沟通顺畅，主动推动工作进展，乐于帮助团队成员"
App QA 功能测试工程师（Python）,上海微创软件股份有限公司,合资,1000-9999人,18K-20K,本科,3-5年,全职,https://jobs.zhaopin.com/CC000638929J00224072205.htm,"职责描述：You will apply your Android or /and iOS mobile App Functional Testing experience to evaluate quality of BMW/MINI Connected Apps, BMW Online Store and Intelligent Personal Assistant.You will be part of a strong team that ensures our products are of the highest quality for our customer base.Be part of the development team and participate in the mobile application engineering for BMW.Major responsibilities for this position include:1. Developing manual and automation App test cases of Functional Testing2. Test executing and formal test report compiling3. Tracing latest testing techniques for the new modules releasedApp feature modules including E-Commerce, O2O, campaign, voice assistant, etc.任职要求：- 3+ years’ Android or /and iOS mobile App manual and automation testing experience- Familiarity with at least one of scripting languages, e.g., Python, Ruby, Perl- Bachelor of Science in Computer Science, Communications or relevant- Good written English skill for technical documentation- Familiarity with software testing process and methodologies- Familiarity with at least one of automation testing framework is preferred- Ability to work independently in a single module’s testing- Good communication skill and team work- Experience in grand testing project management, execution, or coding, performance /white-box /automation testing is desired"
Python/Nodejs开发技术支持工程师（上海）,上海微创软件股份有限公司,合资,1000-9999人,8K-15K,本科,1-3年,全职,https://jobs.zhaopin.com/CC000638929J00311307805.htm,"职责描述：1.主要负责Azure Cognitive services技术相关的邮件技术支持，此外还会负责Stackoverflow和MSDN论坛的Azure Cognitive services相关问题的技术支持。2.有很强的学习专业技术的意愿并愿意帮助和指导他人进行学习,并且有机会学习微软的各项其他热门技术。3.与技术主管和密切合作，适应团队协作，根据需要升级问题，以解决相当复杂的问题。4.通过不断地学习和沟通提高自己的沟通能力，耐心与客户沟通并且理解客户需求与美国升级团队协作，分析客户问题并通过技术能力在高度复杂的问题上为客户提供解决方案， 例如分析客户日志等等。任职要求：1.良好的英语读写能力；                                                                                2.计算机相关专业，热爱软件开发，对编程有浓厚的兴趣;3.一年以上NodeJS/Python开发经验，有较强的NodeJS/Java/Python开发能力4.熟悉Angular, Rect, Azure services, REST，Bot Service会有加分5.良好的学习能力，愿意接受新的技术。"
python开发,中软国际科技服务有限公司深圳分公司,上市公司,10000人以上,薪资面议,本科,3-5年,全职,https://jobs.zhaopin.com/CC508620126J00427805605.htm,"1、 熟悉phthon语言基础，3年以上python项目开发经验2、 熟悉Django，flask等应用框架3、 熟悉常见的设计模式4、 掌握Mysql，MongoDB，redis的使用，了解Kafka、RabbitMQ等消息队列5、 熟悉Linux常用操作，了解Docker使用更好6、 有架构设计、接口设计的能力与经验7、 兼具独立开发与写作开发的工作能力"
IT培训讲师（Python）,中公教育上海分公司,民营,100-499人,6K-12K,本科,不限,全职,https://jobs.zhaopin.com/217000521272877.htm,"我们需要你：1、完成相关的教学资料（实训大纲、教学PPT、教学用书、教学案例等）的研发工作；2、按照教学规范和教学大纲高质量完成Python课程的授课任务；3、带领学员参加实训并指导学员完成实操项目；4、根据学生及市场需要，高质量完成公开课、讲座、网络直播课等授课任务；5、结合搜索引擎的发展变化，实时改进教学方法，完善教学体系；6、完成课程辅导工作，解答学员课程疑问，保证学员的学习质量；7、配合其它部门和集团完成相关工作。我们只希望你：1、 热爱教育行业，计算机相关专业，大学本科及以上学历，两年或以上工作经验；2、 较好的心理素质，能够承受压力，具有较强的事业心与团队协作精神；3、 表达能力强，声音清晰自然，个性开朗，乐于与人交流；4、 熟练掌握大数据相关算法与数据结构；5、 精通Java语言开发经验，特别是数据库和多线程开发，熟悉常见的Java开发框架及开发能力；6、 熟练掌握Python编程语言与机器学习框架；7、 理解框架的设计思想及实现，具有良好的代码风格、接口设计与程序架构；8、 2年（含）以上对于Hadoop、Hive、Impala, Hbase、Spark、Sqoop有实际的编码能力和海量数据的自动化分析处理项目经验；9、  熟悉主流分布式处理框架，基于Hadoop的数据挖掘、大数据组件开发和封装；10、有一年以上教学经验者优先考虑。当然，我们将给予你丰厚的福利，广阔的发展~来中公，你将拥有：1、薪资标准：根据实际授课能力、面试表现以及学历背景等确定具体薪酬，年薪12万起，上不封顶；2、基本福利：五险一金+带薪假期(年假、婚假、产检假、产假、每天1小时哺乳假)+年终奖+带薪培训+阳光互助基金等；3、文娱福利：年度体检+年度旅游+员工健身房+员工餐厅等；4、特殊福利：工作地点双向选择，31家省级研究院遍布全国范围内，公司会充分尊重员工对工作地点选择的意愿；5、长期激励计划：股权激励；And more......更多精彩等你来~招聘城市：全国省会城市及直辖市"
自动化测试(Python/shell),瞬联讯通科技(北京)有限公司,外商独资,1000-9999人,11K-15K,本科,1-3年,全职,https://jobs.zhaopin.com/CC230292410J00153653713.htm,"职责：1)测试用例设计与开发;2)平台功能及性能测试;3)测试执行、分析及报告;4) Bug分类和分析;资格:o 2年以上软件验证和/或开发经验;o熟悉Linux操作和shell/Python编程;有Linux内核经验者优先;o有Rtos经验，Posix优先;o需要良好的沟通技巧"
Python开发工程师,瞬联讯通科技(北京)有限公司,外商独资,1000-9999人,10K-18K,本科,3-5年,全职,https://jobs.zhaopin.com/CC230292410J00055615013.htm,"岗位职责：Python后台开发职位要求：统招本科（一本、二本）及以上学历，计算机相关专业，3年以上Python后台开发经验。1.计算机等相关专业本科及以上学历，若能力较强可放宽标准；2.扎实的计算机基础理论基础，对常见数据结构和面向对象设计有深入理解；3.熟悉Python以及Python Web开发框架如Django，flask等，具有一年及以上项目实战经验；4.熟悉MySQL/Oracle/Redis等其他一些结构化/非结构化数据库的应用；"
R/Python中高级大数据开发工程师-外派,上海微创软件股份有限公司,合资,1000-9999人,14K-17K,本科,3-5年,全职,https://jobs.zhaopin.com/CC000638929J00408651505.htm,"职责描述：1、    参与构建数据分析和数据挖掘体系，实现对公司运营数据的监控和价值挖掘；2、    参与客户画像建模，利用数据挖掘工具进行用户细分、用户偏好、互联网行为等研究，构建完整的客户画像体系3、    参与精准推荐项目算法模型的分析工作4、    参与大数据挖掘系统的设计和实现任职要求：1、    全日制计算机、数学、统计、金融等相关专业本科以上学历2、    具有良好的统计学、数学和数据挖掘知识基础3、    1年以上数据挖掘项目经验，3-5年相关研发工作经验4、    掌握至少一种统计分析和数据挖掘软件(R/Python)5、    有互联网背景，有网站用户行为研究经验优先6、    能够主动获取新知识，有系统性解决问题能力，有较强的进取精神7、    善于团队间沟通协调"
Python大数据开发工程师(浦东）,上海微创软件股份有限公司,合资,1000-9999人,12K-16K,本科,3-5年,全职,https://jobs.zhaopin.com/CC000638929J00411098305.htm,"职责描述：1、    参与构建数据分析和数据挖掘体系，实现对公司运营数据的监控和价值挖掘2、    参与客户画像建模，利用数据挖掘工具进行用户细分、用户偏好、互联网行为等研究，构建完整的客户画像体系3、    参与精准推荐项目算法模型的分析工作4、    参与大数据挖掘系统的设计和实现任职要求：1、    全日制计算机、数学、统计、金融等相关专业本科以上学历2、    具有良好的统计学、数学和数据挖掘知识基础3、    1年以上数据挖掘项目经验，3-5年相关研发工作经验4、    掌握至少一种统计分析和数据挖掘软件(R/Python)5、    有互联网背景，有网站用户行为研究经验优先6、    能够主动获取新知识，有系统性解决问题能力，有较强的进取精神7、    善于团队间沟通协调"
急：Python开发工程师,中软国际科技服务有限公司深圳分公司,上市公司,10000人以上,薪资面议,本科,3-5年,全职,https://jobs.zhaopin.com/CC508620126J00296851305.htm,"1.熟悉 python编程,有大型项目开发经验2.熟悉 python多进程、多线程、分布式应用开发,3.熟悉tornado, django, web.py等网络开发框架4.熟悉前端开发,熟悉js/css/html编写,至少熟悉一种前端框架5.熟练使用git、svn、jira等协助工具6.熟悉操作使用1inux操作系统的,熟悉网络知识如http,tcp/ip协议有开源 github项目、个人博客或StackOverflow较高积分者加分"
Python web 开发工程师,东软云科技有限公司,合资,1000-9999人,10K-15K,本科,3-5年,全职,https://jobs.zhaopin.com/CC663299424J00321138307.htm,"1、熟练使用python，至少两至三年以上开发经验；2、熟悉常见python web框架，像django,flask等至少其中一种使用经验；3、熟悉基于restful Framework 开发api；4、熟悉前端HTML, JavaScript/JQuery ,CSS技术，能用已有的前端开源框架快速构建系统模块；5、能独挡一面，能独立完成从前端到后端整个流程的模块设计和功能实现；6、能够完成自己开发模块和他人开发模块的测试，善于沟通和有效反馈；7、Advance, big plus capability；熟悉C#， 有一年以上开发经验的优先；8、 熟悉自动化测试框架，了解STAF框架的优先。"
急：python开发,中软国际科技服务有限公司深圳分公司,上市公司,10000人以上,薪资面议,大专,3-5年,全职,https://jobs.zhaopin.com/CC508620126J00394403505.htm,"（1 )有p y t h o n项目开发及上线经验（2 )有NginxNginx，FlaskFlask等开发经验（3)做过模型上线项目加分（4)做过rasa对话项目加分（1)熟 练 使 用 pytorch开 发 模 型 ， （ 2 ) 对 机 器 学 习 和 深 度 学 习 的概念有清晰的理解，（3)有NLP项目经验（4)有模型上线经验加分^1、 教育程度：本科及以上学历，信息技术、信息安全、软件、统计学、应用数学、金融数学、人工智能、自动化等相关专业。2、 3年以上应用系统架构设计和开发管理经验， 至1年知识图谱构建和实施经验，至少成功实现过1项知识图谱系统，有一定技术团队管理经验和项目管理经验3、 熟悉使用Neo4j, AllegroGraph等图数据库中的一种，有图数据库开发经验;4、 熟悉RDF.OWL等知识表示语言，掌握Protege等本体建模工具；5、 熟悉知识抽取、知识融合和知识推理等基本算法和流程；6、 熟悉深度学习算法，熟练使用至少1^种深度学习框架；熟悉自然语言处理基论和相关技术7、 有基于知识图谱问答系统开发经验者优先"
python开发工程师,深圳市睿服科技有限公司,股份制企业,500-999人,10K-15K,本科,3-5年,全职,https://jobs.zhaopin.com/CC603465980J00391526707.htm,"1、熟悉 python编程,有大型项目开发经验；2、熟悉 python多进程、多线程、分布式应用开发；3、熟悉do, django,web.py等网络开发框架；4、熟悉前端开发,熟悉js/css/htm编写,至少熟悉一种前端框架；5、熟练使用git、swn、jra等协助工具；6、熟悉操作使用1inu操作系统的,熟悉网络知识如httptcpip协议；7、有开源 github项目、个人博客或 Stackoverf1ow较高积分者加分。"
急：Python助理/初级,中软国际科技服务有限公司深圳分公司,上市公司,10000人以上,薪资面议,大专,1-3年,全职,https://jobs.zhaopin.com/CC508620126J00295839505.htm,"1.专科1年经验起，最好是计算机相关专业（本科接受半年以上经验）2.懂前端JS，熟悉Python爬虫， 主要工作是数据标注。3.自学能力较强者优先考虑，4.学习能力强，主动性强，沟通良好，有团队精神。"
python高级工程师 上海,亚信科技(中国)有限公司,民营,10000人以上,10K-20K,本科,3-5年,全职,https://jobs.zhaopin.com/CC139131348J00190615013.htm,"1. 本科以上学历，3年以上Python相关经验；2. 熟练使用正则表达式、css path、xpath等，能够从结构化的和非结构化的数据中获取信息；3. 熟练使用MySQL数据库，掌握redis、mongodb、hive等常用nosql技术并具有实战经验；4. 熟悉各种抓取框架，有scrapy,splash和selenium之一项目经验；5、熟悉Git，Jenkins、Jira等工具和集成5. 熟悉整个爬虫的设计及实现流程，有从事网络爬虫、网页信息抽取开发经验，熟悉反爬虫技术，有分布式爬虫架构经验；6. 快速学习能力，工作积极主动，有创业热情和良好的团队协助能力；"
python开发,中软国际科技服务有限公司深圳分公司,上市公司,10000人以上,薪资面议,本科,3-5年,全职,https://jobs.zhaopin.com/CC508620126J00406318005.htm,"1、计算机相关专业2、了解基本的Linux命令3、了解基本的python代码4、python/java/go语言熟练使用一种5、3-5年工作经验6、有作为主程，开发运维相关系统为佳，对技术有钻研精神，勤奋，执着，对自己的产品有工匠精神"
python开发,中软国际科技服务有限公司深圳分公司,上市公司,10000人以上,薪资面议,本科,3-5年,全职,https://jobs.zhaopin.com/CC508620126J00427805705.htm,"1、 熟悉phthon语言基础，3年以上python项目开发经验2、 熟悉Django，flask等应用框架3、 熟悉常见的设计模式4、 掌握Mysql，MongoDB，redis的使用，了解Kafka、RabbitMQ等消息队列5、 熟悉Linux常用操作，了解Docker使用更好6、 有架构设计、接口设计的能力与经验7、 兼具独立开发与写作开发的工作能力"
python开发工程师,大连斯锐信息技术有限公司,股份制企业,1000-9999人,15K-20K,大专,3-5年,全职,https://jobs.zhaopin.com/CC424188188J00307888203.htm,"Python语言工程师评估标准n  计算机相关专业，大学专科及以上学历n  至少三年以上python语言应用开发经验n  精通Django或者其它Python web开发框架n  熟悉Operstack API、Hadoop、HBase等技术以及开发n  熟悉Zabbix、Saltstack、Puppet等技术n  熟悉mysql、MongoDB、LevelDB、Linux系统n  熟悉主流的通信机制jms、cxf等n  熟悉消息中间件activemq、qpid等n  有良好的编码习惯及开发文档书写习惯"
资深python开发工程师,上海点晟信息科技有限公司,民营,100-499人,15K-25K,大专,3-5年,全职,https://jobs.zhaopin.com/CC570037530J00070744602.htm,"岗位职责：1、 模块功能的设计、开发与实施；2、承担产品经理或指导人布置的工作任务；3、承担项目和需求的开发、单元测试、上线维护等任务；4、 编写相关工作的需求分析档案、配置文档和程序说明文。5、完成上级主管分配的工作任务、并达到公司制度规定的考核要求。任职要求：1、 3年以上后端端开发经验；2、熟悉Python、B/S开发模式，熟练使用 Django、Flask等主流框架；3、 熟悉SQL，使用过Postgresq、lMySQL、Oracle等任意一种数据库;4、熟悉Redis/MemCache，RabbitMQ/ActiveMQ/ZeroMQ，ZooKeeper等底层中间件及分布式技术；5、掌握Linux操作系统常用命令，熟悉Nginx, Apache等应用服务器中的至少一种6、熟悉设计模式；掌握面向对象软件分析、设计方法，并能熟练应用UML及工具进行设计；7、思路清晰、善于思考、能独立分析和解决问题;优先录取以下人员：1、 熟练使用JS、HTML5技术, jQuery等前端框架优先；2、熟悉金融行业相关开发经验者优先;3、有敏捷开发经验优先;4、习惯 MacOS X 或 Linux 的工作环境5、良好的英文能力6、熟练使用Java， C++，但有意愿转Python开发也可考虑"
Python工程师,上海怡科信息科技有限公司,民营,500-999人,6K-8K,大专,不限,全职,https://jobs.zhaopin.com/562244523362330.htm,"岗位职责:1.后端实现，保障稳定性、性能。包括需求分析分解、设计、开发;2.与产品其他部分联动，使用规范的流程思维，定义接口设计并跟进完成;3.处理服务端开发中的常见问题;任职要求:1.计算机等相关专业的专科以上学历；2.熟练使用 Python 及 Linux环境，Redis、MySQL数据；3.熟悉敏捷开发；4.具备良好的团队合作和沟通能力，具备良好的学习钻研能力；5.优越的办公环境，朝九晚六周末双休；"
python工程师-上海,北京神州新桥科技有限公司,民营,500-999人,12.5K-25K,本科,3-5年,全职,https://jobs.zhaopin.com/CC120101090J00159533215.htm,"岗位职责:1.负责api应用的设计，开发，测试和发布。 搭建系统开发环境，完成系统代码的编写；2.负责系统架构的设计，组件的选型，文档的编写；3.参与数据etl设计开发；4.负责公司应用系统的日常维护。岗位要求：1.优秀本科学校毕业，及以上学历，计算机相关专业；2.精通Python开发，3年以上Python项目研发经验，至少有2个以上独立项目经验。熟悉http，https协议，熟悉tcp协议，熟悉常用存储系统:MySQL、Redis等；熟悉kafka或者其他同类产品 熟悉Unix/Linux系统； 熟悉常用数据结构和算法；3.熟悉Django web，django restful开发测试框架。有实际项目经验者优先。有较强的学习，沟通和团队协作能力。能独立完成任务；4.熟练使用python的常用库，熟悉Numpy，pandas；5.熟悉linux 操作系统，能够熟练进行软件安装，系统管理；6.至少熟悉一种常用的如cdh 、星环、华为大数据平台，能够独立完成平台的搭建；7. 熟悉常用的大数据组件hive ，hbase,impala,hdfs,hue,spark,yarn,等组件的使用和工作原理；8.熟悉常用的关系型数据库mysql,oracle等，熟练编写常用的sql；9. 熟悉Python的高级特性，深入理解各种设计模式和应用场景；10. 热爱软件研发工作，学习能力强。"
python开发工程师,三门峡崤云安全服务有限公司,国企,20-99人,6K-12K,大专,3-5年,全职,https://jobs.zhaopin.com/CC701650830J00206861911.htm,"岗位职责：1.项目的架构设计，核心模块的开发工作；2. 系统需求分析与设计，并负责完成核心代码，接口规范制定;3. 后台系统新需求的开发；4. 产品运营系统设计与核心模块开发；5. 负责公司WEB后台管理系统的开发、优化、维护6. 善于沟通和逻辑表达，良好的团队合作精神和积极主动的沟通意识7. 持续关注新技术，引入并优化前端的质量、性能、用户体验8. 遵循公司安全标准，并确保按时按质按量完成代码实现和单元测试岗位要求：1.精通python开发，3年以上开发经验;2. 精通linux系统高并发开发4. 熟悉python扩展模块优先5. 熟悉HTML5/CSS3/JavaScript等前端技术优先6. 熟练vue/iview等前端技术优先8. 任心强，良好的沟通能力以及团队协作能力。"
Python数据分析工程师-ADAS,北京经纬恒润科技有限公司海淀分公司,民营,1000-9999人,13K-26K,本科,1-3年,全职,https://jobs.zhaopin.com/CC443446127J00142748013.htm,"岗位职责:1. 负责底层数据库配置文件以及二进制数据的解析与写入；2. 负责流式数据服务器的设计与搭建3. 负责流式数据分析架构的设计与开发；任职资格:1. 本科及以上学历，计算机、汽车、控制或相关专业；2. 3年以上Python/C++/C开发经验，包含至少 1年以上的数据分析相关经验；3. 对MySQL及任意一个NoSQL有深入的了解；4. 做事具有条理性，具有良好的自学能力、分析问题以及解决问题的能力；5. 熟练掌握多进程/多线程技术，具有大规模分布式系统开发经验者，从事过汽车电子相关工作优先。"
python开发工程师,任仕达企业管理(上海)有限公司深圳分公司,外商独资,100-499人,15K-25K,本科,3-5年,全职,https://jobs.zhaopin.com/CC517656180J00389416203.htm,"岗位职责：1、 负责基于深度学习的医疗产品项目的设计、开发、单元测试、集成等工作2、 参与相关需求分析，理解产品经理需求并敏捷实现3、 参与数据库模型设计，针对性能瓶颈进行优化4、 参与新技术研究学习及应用任职要求：1、 计算机相关专业，或者生物医学工程相关专业毕业, 本科及以上学历,三年以上工作经验2、 熟悉常用数据结构和算法, 熟悉 Python 语言，3 年以上 Python 项目开发经验，熟悉Java/nodejs/golang/Scala 等语言者优先,熟悉OOP有良好的代码风格优先3、 熟悉 Flask或 Django 等主流web框架，并至少深度使用其中一种开发较大规模项目4、 理解多线程、socket相关技术，有大规模分布式系统的开发和高可用相关的实践经验5、 熟悉至少一种关系型数据库（Mysql、Postgresql）、了解至少一种 Nosql 数据库（Redis、Mongodb）6、 熟悉Internet常用协议，如HTTP、TCP/IP、熟悉RESTful规范7、 熟悉 Docker或kubernets自动化运维实践8、 了解深度学习，有CUDA和tensorflow的使用经验优先9、 具备良好的编码规范、学习能力，有独立分析解决问题能力，工作认真负责，沟通协作意识良好，能够承担工作压力"
AliCloud Python Tech Lead,高知特信息技术上海有限公司,外商独资,10000人以上,30K-50K,本科,5-10年,全职,https://jobs.zhaopin.com/CC134189873J00310654004.htm,"Job Description·         Analyze business requirements and software design with the system architecture.·         Provide design for the solution architecture.·         Design software solution in robust and scalable·         Break down design solution into modules and achievable smaller tasks.·         Present and communicate solution to customer and team·         Able to debug and provide solutions for complicated issues·         Participate in demos to customer and team·         Drive the team technically and provide the inputs to the team.·         Participate in reviews and find the improvements.·         Participate build Python application package code and deployment (CI/CD)Job Requirements (Please specify mandatory skills, additional skills)·         Experience with Ali cloud environment IoT platform with DPS, IoT Hub, Event Hub, Service Bus,·         Experience in Alibaba Table storage, Alibaba OSS·         Hands on experience in Python, Developing and using RESTful APIs, ORM, web framework, test framework·         Docker (microservices),·         Knowledge on load balancer NGINX to manage traffic load.·         Azure as DevOps and scrum framework.·         Kubernetes framework to run distributed system"
Python数据分析工程师-ADAS,北京经纬恒润科技有限公司海淀分公司,民营,1000-9999人,13K-22K,本科,不限,全职,https://jobs.zhaopin.com/CC443446127J00156572213.htm,"岗位职责：1. 负责底层数据库配置文件以及二进制数据的解析与写入；2. 负责流式数据服务器的设计与搭建；3. 负责流式数据分析架构的设计与开发。任职要求：1. 本科及以上学历，计算机、汽车、控制或相关专业；2. 3年以上Python/C++/C开发经验，包含至少 1年以上的数据分析相关经验；3. 对MySQL及任意一个NoSQL有深入的了解；4. 做事具有条理性，具有良好的自学能力、分析问题以及解决问题的能力；5. 熟练掌握多进程/多线程技术，具有大规模分布式系统开发经验者，从事过汽车电子相关工作优先。"
影像识别开发工程师(python，英语会话熟练),大连智桥科技有限公司,民营,20-99人,10K-15K,硕士,不限,全职,https://jobs.zhaopin.com/CC825034000J00168494709.htm,"职责描述：1. 开展计算机视觉/深度学习/图像识别等相关领域研究和开发工作；2. 负责或参与机器学习平台搭建，包括深度学习和图像处理等；3. 相关算法说明文档，测试报告，专利说明书的编写4. 完成相关算法的程序和测试程序的开发任职要求：1.计算机、电子、自动化、数学等相关专业研究生以上学历。2.有较强的算法分析和实现能力，熟练掌握Python编程语言3.熟悉传统的计算机视觉理论，熟悉OpenCV库，4.熟悉机器学习、深度学习、计算机视觉方向的理论和算法。熟练掌握图像处理和模式识别的基本算法，并在如下一个或多个相关方向有深入研究：目标检测、目标跟踪、目标识别、几何图像校正、图像特征提取、图像分割和图像质量评价等；5. 有GPU, CUDA并行计算开发经验，有编写深度学习算法的丰富实践经验；6.熟悉至少一种深度学习框架(TensorFlow/Caffe/MXNet/PyTorch/Keras/Theano等)7.在图像识别、目标检测、图像分割有一项或多项的项目经验，在视频分析中，有参加人的属性和行为分析，以及运动目标轨迹分析等项目开发经验者优先；8.良好的分析和解决问题的能力，对前沿技术有热情，有良好的团队合作精神"
python开发助理 双休,上海煜喜环保科技有限公司,不限,100-499人,6K-8K,大专,不限,全职,https://jobs.zhaopin.com/CZ714068380J00122156907.htm,"岗位职责：1、Python开发为主，负责基于Java架构的运营商系统架构分析、设计，配合技术团队完成产品研发；2、参与制定设计及实现规范，指导设计、实现及部署工作；4、配合进行技术决策，进行技术风险评估；5、协助其他工程师解决关键问题；任职要求：1、大专及以上学历，计算机科学与技术、网络工程、信息系统与管理等计算机相关专业，应届生优先；2、了解运用计算机基本操作，有责任感，团队意识强，有较好的学习能力者；3、协助工程师对项目的研发、手机App以及项目网站的开发；4、有良好的团队合作精神和严谨工作态度；5、了解基本编程语言。福利待遇1、正式入职3000-6000/月，额外项目奖金提成。2、为员工购买五险一金，让员工无后顾之忧；3、公司设立良好的晋升机制并提供内部招聘、职位轮换机会；4、一年至少2次调薪机会；5、五天七小时工作制、周末双休、法定节假日之外的带薪病假、年休假，让员工与家人共享美好生活！"
自动化实施（shell/python）,北京中亦安图科技股份有限公司,民营,100-499人,8K-10K,本科,1-3年,全职,https://jobs.zhaopin.com/CC148106168J00040895811.htm,"岗位职责：结合解决方案团队的运维工具实施项目，例如IT监控、应用性能监控（APM）、自动化运维、作业调度、海量日志分析、数据挖掘和数据分析（BI）等工具平台项目，招聘实施工程师，主要负责工具安装部署、实施、调试、培训、验收等项目实施工作。要求：1 本科以上学历，计算机/软件/网络相关专业。2 深入理解Linux操作系统结构，以及Linux各种命令 。3 熟悉SQL语言，熟悉至少一种数据库管理系统(MySQL/Oracle/DB2)；4 具备一年的客户现场的实际运维经验，对数据中心IT设备和运维工作规范有基本的了解。5 较强的沟通能力，能与客户沟通并了解客户需求。6 具备较强的学习能力，进入到公司后通过培训能够快速掌握软件工具的使用。7 优先条件：了解日志收集分析相关技术和方案（例如splunk、kafka、flume、heka、ELK等）。"
测试开发工程师（python）,赫里普(上海)信息科技有限公司,合资,20-99人,7K-11K,本科,1-3年,全职,https://jobs.zhaopin.com/CC341813734J00128163306.htm,"岗位职责：部门工具开发及维护岗位需求：1.基本的编程能力，熟悉C、C++、Java、C#、python等中一种或多种语言2.有自动化测试软件或工具开发的项目经历3.熟悉ALM或Jenkins者优先4.本科及以上学历5.较好的沟通能力及团队合作能力"
爬虫开发工程师（Python）,上海鲲驰贸易发展有限公司,民营,1000-9999人,10K-20K,本科,3-5年,全职,https://jobs.zhaopin.com/CC194834326J00419596301.htm,"岗位职责:1、负责搭建或维护爬虫系统开发网页数据的自动化爬取脚本2、负责数据的抓取、解析、清洗、入库3、研究设计爬虫模板提高扩展性加快开发效率4、持续优化系统提高系统的稳定性5、与大数据工程师对接，完成实时数据与离线数据的爬取与对接任职资格:1、三年以上爬虫开发，内容提取工作，有电商网站抓取经验者优先2、精通网页抓取原理及技术，熟悉基于COOKIE或JWT网站登录原理3、精通Python，对HTTP协议及HTML有深入的了解4、精通正则表达式，DOM，XPath，CSS5、熟悉scrapy，selenium，常用反爬虫策略6、熟悉高并发、高性能的分布式系统设计及应用，有数据库调优，海量数据储存和7、处理经验者优先8、熟悉python开发框架，django或是flask优先9、具备良好的编程习惯和算法基础，具有较强的分析解决问题能力10、学习能力强，有一定的抗压能力，善于沟通和团队协作，乐于分享"
急招Python开发助理+福利好待遇好,上海煜喜环保科技有限公司,不限,100-499人,6K-8K,大专,不限,全职,https://jobs.zhaopin.com/CZ714068380J00126201907.htm,"岗位职责：1、录入网站站点；2、编写Python初级代码；3、其他领导交给的任务；4、负责物联网应用系统开发、算法实现。任职要求：1.计算机科学、软件工程相关专业；2.了解Java或Python，了解C/C++语 言；3.了解linux系统以及基本的命令；4.了解网络通信技术，了解常用的网络协议；薪资待遇：1.双休，朝九晚六，五险一金，无责任底薪3500-4500元/月+提成。2.员工享餐补、健康体检、生日礼物，过节物品等福利。3.享受法定假期，带薪年假。"
python开发工程师（上海）,深圳市芒柠科技有限公司,民营,20-99人,12K-18K,大专,3-5年,全职,https://jobs.zhaopin.com/CC466965980J00235529507.htm,"收藏职位信息工作职责：1、参与开发和维护后端 Python 服务框架；2、参与开发和维护数据统计、分析系统。职责要求：1、良好的团队合作精神和沟通能力，有参与产品、技术交流的意识；2、至少 3 年 Python 使用经验，能熟练使用Linux；3、精通/熟练掌握 Flask 开发框架；4、精通/熟练掌握 MySQL 数据库；5、了解掌握 Redis / MongoDB 等新型数据存储；6、计算机操作系统基础知识扎实，熟悉同步/异步等网络编程模型，多线程, 协程等并发模型，有一定 OO 思想基础；7、良好的编程习惯和英文文档阅读能力，良好的学习主动性和习惯；8、优先考虑：有过运维系统、云计算平台或者财务平台开发经验，有过数据统计、分析经验等。"
Python工程师,上海煜喜环保科技有限公司,不限,100-499人,8K-10K,大专,1-3年,全职,https://jobs.zhaopin.com/CZ714068380J00151990807.htm,"岗位职责:1.后端实现，保障稳定性、性能。包括需求分析分解、设计、开发;2.与产品其他部分联动，使用规范的流程思维，定义接口设计并跟进完成;3.处理服务端开发中的常见问题;任职要求:1.计算机等相关专业的专科以上学历；2.基础使用 Python 及 Linux环境，Redis、MySQL数据；3.了解基础敏捷开发；4.具备良好的团队合作和沟通能力，具备良好的学习钻研能力；5.优越的办公环境，朝九晚六周末双休，提供企业级的岗前培养福利；"
python开发,上海煜喜环保科技有限公司,不限,100-499人,6K-8K,大专,不限,全职,https://jobs.zhaopin.com/CZ714068380J00333659107.htm,"职位描述:1、负责网页信息和APP数据抽取、清洗、消重、数据结构化等工作；2、维护现有的数据处理代码并优化。职位要求:1、大专及以上学历；2、基本编码能力，有良好的设计模式、数据结构和算法功底；3、了解基础 golang/java/c++/php/python中的一种，对编程有强烈的热情；4、有求知欲，认真负责，乐于协作。"
Python开发工程师,上海安秉信息技术有限公司,民营,500-999人,4K-6K,大专,不限,全职,https://jobs.zhaopin.com/CZ784983780J00324805203.htm,"1. 承担公司金融项目交易平台系统平台的架构研发，测试，维护；2. 负责详细设计文档编写，需求对接等；3. 根据公司技术架构，从事前沿技术研究。任职要求：1. 大专及以上学历，计算机及相关专业，1年及以上工作经验；2. 熟悉数据库，mysql,等；3. 优秀的沟通和表达能力，清楚的表达个人想法、理解他人观点，具备团队合作意识和推动协作达成的能力。"
python工程师,上海煜喜环保科技有限公司,不限,100-499人,8K-10K,大专,不限,全职,https://jobs.zhaopin.com/CZ714068380J00148506807.htm,"岗位职责:1.后端实现，保障稳定性、性能。包括需求分析分解、设计、开发;2.与产品其他部分联动，使用规范的流程思维，定义接口设计并跟进完成;3.处理服务端开发中的常见问题;任职要求:1.专科以上学历；2了解使用 Python 及 Linux环境，Redis、MySQL数据；4.具备良好的团队合作和沟通能力，具备良好的学习钻研能力；5.优越的办公环境，朝九晚六周末双休，提供企业级的岗前培养福利；"
初级Python开发工程师,上海煜喜环保科技有限公司,不限,100-499人,6K-8K,大专,不限,全职,https://jobs.zhaopin.com/CZ714068380J00123696607.htm,"岗位职责：1.负责公司自动化数据处理平台的开发工作2.负责客户现场系统的数据抓取需求开发工作3.跟进处理测试人员或实施人员的问题反馈任职要求:1.大专及以上学历,计算机/IT信息/数学等或相关专业毕业2.具备Python的基础知识，特别优秀应届生可不做工作年限要求3.了解Python的安装，与Python包的安装命令行4.了解数据库的基础知识，会简单的增删改查5.具备面向对象的基础知识，了解软件的开发过程6.要求具备一定的自我学习能力福利待遇：1.签订正式劳动合同、享受国家规定的保险福利待遇；2.五险一金，双休，年底分红；3.定期旅游，超长年假；4.良好的晋升机制，广阔的晋升空间；5.八小时工作制，无加班，无夜班；6.丰富的企业文化，愉悦的工作氛围"
python开发助理,上海安秉信息技术有限公司,民营,500-999人,8K-10K,大专,不限,全职,https://jobs.zhaopin.com/CZ784983780J00324836203.htm,"1、Python开发为主，负责基于Java架构的运营商系统架构分析、设计，配合技术团队完成产品研发；2、参与制定设计及实现规范，指导设计、实现及部署工作；4、配合进行技术决策，进行技术风险评估；5、协助其他工程师解决关键问题；任职要求：1、大专及以上学历，计算机科学与技术、网络工程、信息系统与管理等计算机相关专业，应届生优先；2、熟练运用计算机基本操作，有责任感，团队意识强，有较好的学习能力者；3、协助工程师对项目的研发、手机App以及项目网站的开发；4、有良好的团队合作精神和严谨工作态度；5、了解基本编程语言。"
python开发工程师（上海）,深圳市前海谷雨网络科技有限公司,民营,20-99人,10K-15K,本科,1-3年,全职,https://jobs.zhaopin.com/544024686250049.htm,"岗位职责：1、主要负责公司内运营系统的开发, 包括线上系统和线下系统；2、参与项目的架构编码, 明确负责开发部分的设计需求；3、按照设计要求和源代码编写规范以及框架设计规范进行编码, 对其质量、性能负责；4、编写相关技术文档, 负责进行开发阶段的软件测试, 包括: 单元测试、 集成测试；5、产品上线后, 配合运维、测试团队保障运营平台的稳定, 并解决相关技术/性能问题。任职要求：1、熟悉Linux系统操作,熟悉Python语言开发,了解常用的Python开发框架,例如:twisted,tornado,gevent等；2、熟悉业务后台系统开发,了解后台系统的架构和开发规范、标准优先考虑；3、了解Web前端开发相关技术,包括HTML,Javascript,CSS,有过相关前端开发框架使用经验者优先考虑；4、熟悉MySQL数据库,了解NoSQL的优先考虑；5、熟悉常用的数据结构和算法,熟悉软件开发流程,具备独立开发调试、测试和部署能力；6、具有良好的沟通能力、团队合作能力和创新精神，具备较好的文档创作能力；7、能承受一定的工作压力。"
Python开发工程师（双休）,上海露善文化传播有限公司,民营,100-499人,8K-10K,大专,不限,全职,https://jobs.zhaopin.com/CC872325800J00349251105.htm,"岗位职责：1. 承担公司金融项目交易平台系统平台的架构研发，测试，维护；2. 负责详细设计文档编写，需求对接等；3. 根据公司技术架构，从事前沿技术研究。任职要求：1. 计算机及相关专业，1年及以上工作经验；2. 扎实的编程基础，掌握python；熟悉数据库，mysql,等；3. 优秀的沟通和表达能力，清楚的表达个人想法、理解他人观点，具备团队合作意识和推动协作达成的能力。"
Python开发工程师,北京金色华勤数据服务有限公司,民营,100-499人,10K-20K,本科,不限,全职,https://jobs.zhaopin.com/428715824251194.htm,"岗位职责：1、负责Python软件、服务器程序、网站后台设计，相关算法研发和优化；2、参与应用设计与方案讨论；3、负责实现软件、应用程序代码，建立和完善开发文档；4、协助对所开发的功能进行测试，协助产品部署。任职要求：1、熟练掌握Python的使用，有一定的python web开发经验，熟悉Tornado优先；2、至少会使用一种数据库技术，如Oracle、SQL Sever、Mysql、PostgreSQL等；3、熟悉Bootstrap、Node.js、.NET、Linux Shell优先；4、有良好的编程习惯，沟通能力强，能够独自编写技术文档；5、具备较好的学习能力、问题分析能力，可以独立调试解决问题；6、良好的沟通协调能力和团队合作意识，工作踏实，态度积极，能够承受工作压力"
Python开发工程师,重庆软维科技有限公司,民营,100-499人,10K-15K,本科,1-3年,全职,https://jobs.zhaopin.com/CC447211938J00303343002.htm,"掌握Pyhton的web开发技术，熟练掌握Django框架技术；相关工作经验 1-2年；沟通能力强，愿意驻场工作"
Python 算法工程师,上海博佳医药科技有限公司,民营,20-99人,8K-12K,本科,不限,全职,https://jobs.zhaopin.com/CC184741610J00260523202.htm,"岗位职责：根据项目要求完成DASStudio算法模块设计、开发、测试详细深入的掌握所承担项目的需求分析和设计报告结合自身所掌握的编程技术，提出初步解决方案，编写技术文档参与团队建设，对团队和其他成员提供培训和技术支持任职要求：数学与计算科学，统计，机器学习及相关专业本科以上学历数学基础扎实，熟悉数值计算，优化有一定的Python，有SciPy, NumPy,Pandas使用经验会使用代码管理工具（SVN/Git），有SVN使用经验优先英语四级有软件项目开发或机器学习经验优先具有清晰的逻辑思维，良好的沟通协调能力和语言表达能力，工作积极主动，踏实负责，抗压能力强，学习能力强吃苦耐劳，能够接受一定程度的加班情况"
Python工程师,上海榕智市场营销策划股份有限公司,股份制企业,100-499人,13K-17K,本科,3-5年,全职,https://jobs.zhaopin.com/CC421893312J00274721704.htm,"岗位要求：1. 3年及以上Python开发经验，熟练Flask，Django的基本使用；(了解C或C++更佳)2. 熟练使用Linux环境，熟练掌握awk，ps，find，vim等命令的基本用法；（管道，重定向和后台任务为加分项）3. 熟练掌握数据组件：Redis，MySQL；（Elasticsearch为加分项）4. 能够独立搭建nginx+uwsgi服务器；5. 重视编码规范，并有自己的见解；6. 具备良好的分析问题能力，能独立承担任务并对进度有把控能力；"
初级Python开发工程师,上海煜喜环保科技有限公司,不限,100-499人,6K-8K,大专,不限,全职,https://jobs.zhaopin.com/CZ714068380J00124285207.htm,"岗位要求：1.大专及以上学历，软件工程，计算机软件，计算机科学与技术相关专业。2.了解熟悉python语言优先。3.了解linux环境优先。福利待遇：1、假期福利：八小时工作制+周末双休+依法享有法定节假日；2、贴心服务：下午茶+每周零食福利；3、节日气氛：大小节日礼品或购物卡；4、学习机会：公司内部培训python语言等知识。"
Python开发工程师（上海）,深圳市芒柠科技有限公司,民营,20-99人,10K-15K,大专,1-3年,全职,https://jobs.zhaopin.com/466965980250056.htm,"岗位职责：1、参与系统的研发；2、数据挖掘支持，文本处理、文本挖掘、相关性应用3、建立公司的爬虫系统以及其它数据处理方面的工作岗位要求：1、计算机或相关专业毕业，大专或以上学历；2、三年以上相关工作经验，有扎实的python基础，熟悉http原理;3、熟悉MVC架构，熟悉Flask/Django或者其他Python Web开发框架;4、熟悉Apache/Nginx等WebServer的部署和应用;5、熟悉LINUX/UNIX操作系统；6、熟悉 Redis/Memcached缓存系统，Kafka分布式队列，mongodb非关系型数据库的使用；7、拥有高并发系统的设计与调优经验，懂得如何扩展/解耦系统"
python工程师,大查柜(上海)网络科技有限公司,民营,500-999人,10K-15K,大专,1-3年,全职,https://jobs.zhaopin.com/CC424988530J00186086906.htm,"1.熟练使用python语言、1年以上python工作经验；2.计算机相关专业全日制本科毕业、基础知识扎实；3.具有良好的编码风格和习惯、遵循OOP开发思想、良好的学习能力；4.熟练使用至少一种数据库（MySQL/Redis/Postgresql...）；5.熟练使用至少一种框架（Django/Flask/Tornado...）；6.熟练使用git版本工具；7.熟练使用selenium（webdriver）自动化框架；8.熟悉php、nodejs更佳；9.善于与人沟通、责任心强、具有团队合作精神；岗位职责：1.使用selenium爬取数据；2.与其他同事进行数据对接；3.搭建公司内部web服务；4.公司安排的其它工作。"
python开发,大查柜(上海)网络科技有限公司,民营,500-999人,8K-10K,本科,1-3年,全职,https://jobs.zhaopin.com/CC424988530J00233791506.htm,"岗位职责：1.使用selenium爬取数据；2.与其他同事进行数据对接；3.搭建公司内部web服务；4.公司安排的其它工作。岗位要求：1.熟练使用python语言、1年以上python工作经验；2.计算机相关专业全日制本科毕业、基础知识扎实；3.具有良好的编码风格和习惯、遵循OOP开发思想、良好的学习能力；4.熟练使用至少一种数据库（MySQL/Redis/Postgresql...）；5.熟练使用至少一种框架（Django/Flask/Tornado...）；6.熟练使用git版本工具；7.熟练使用selenium（webdriver）自动化框架；8.熟悉php、nodejs更佳；9.善于与人沟通、责任心强、具有团队合作精神。"
日语Java/Python开发工程师-初级,Uniqsys优尼卡日本株式会社,外商独资,20-99人,5K-10K,本科,不限,全职,https://jobs.zhaopin.com/CC842910190J00180734204.htm,"※本职位为日本工作职位，简历请写明日语等级，不会日语的请勿投递，感谢配合！！！工作地点：东京及周边岗位要求：1、计算机相关专业本科以上学历，日语3级以上，能正确理解设计书内容，有过2年以上对日开发经验或有日语能力2级以上资格证书者优先录用；2、有以下任何一门开发语言有2年以上开发经验、或计算机专业毕业、或日语一计算机专业毕业即可：JAVA,.NET,C#,C++/C,SAP,PHP,COBOL,IOS,Android,Salesforce,Python,CRM(dynamicsAX)等；有上述开发语言资格证书、oracle金银牌、CCNA或CCNP等计算机软硬件相关证书者可优先录用；3、要求身体健康，有敬业精神，对工作认真负责，能主动积极应对各项任务，听从指挥，服从安排，诚实守信。4、能够接受长期日本出差。薪资待遇：日本员工同等待遇，视日语水平，工作经验而定（20万～60万日元/月）免费宿舍，交通补助，定期加薪，免费培训，定期团建，员工旅游，节日福利等"
python开发工程师（上海）,深圳市八斗才数据有限公司,民营,20-99人,10K-18K,大专,1-3年,全职,https://jobs.zhaopin.com/562550032250050.htm,"岗位职责1、独立完成部分产品特性的预研和设计；2、负责实现产品特性的开发；3、执行拆分的产品开发任务，发现并解决问题；4、深入学习存储和系统运维知识，强化自身业务水平。任职要求1、计算机相关专业，1年以上开发工作经验；2、熟悉Python语言和Shell脚本，熟悉Django,Tornodo等框架；3、了解运用Nginx,Mysql,Apache,Git,SVN等工具；4、熟悉Linux操作系统，熟练使用LVM、Parted、Systemd等工具，了解文件系统、Cache等子模块；5、能够理解系统架构，执行拆分模块的需求开发；6、熟悉常用数据结构计算法，计算机基础扎实；7、自我学习能力强，分析解决问题能力强，善于沟通交流，有责任感，有团队协作精神，对新技术敏感。"
Python开发工程师,苏州博纳讯动软件有限公司,民营,100-499人,6K-10K,本科,3-5年,全职,https://jobs.zhaopin.com/581369222250256.htm,"任职资格:-计算机本科及以上学历，两年以上开发经验；-精通Python(ansible)或前端开发(Javascript / HTML / XML / JSON / HTML5 / JQuery)三者其一，熟悉其他语言可加分;-拥有中大型项目、系统设计开发经验；-有产品运维经验者、自动化运维开发经验者优先；-熟悉Linux操作系统、网络原理；-熟悉PASS、LaaS、DB管理系统、虚拟化技术等经验最佳；-有良好的团队合作意识，工作态度认真、负责，能够承受一定的工作压力"
Python软件开发工程师,上海志行合力网络技术有限公司,民营,1000-9999人,8K-12K,学历不限,3-5年,全职,https://jobs.zhaopin.com/371594715250207.htm,"1、根据业务需求，负责用Python开发Web应用程序；2、软件开发测试和维护；3、有关技术文档的编写。任职要求1、本科及以上学历，计算机相关专业；2、有出色的独立工作能力及团队合作精神；3、有良好的沟通能力；4、基础知识扎实，学习能力强；5、熟练应用Python语言、Odoo开发框架和主流数据库；6、有项目开发经验者优先。"
Python大数据开发工程师,厦门启昂科技有限公司,民营,20-99人,15K-20K,本科,3-5年,全职,https://jobs.zhaopin.com/CC448849235J00308270704.htm,"职责描述：1、 参与构建数据分析和数据挖掘体系，实现对公司运营数据的监控和价值挖掘；2、 参与客户画像建模，利用数据挖掘工具进行用户细分、用户偏好、互联网行为等研究，构建完整的客户画像体系3、 参与精准推荐项目算法模型的分析工作4、 参与大数据挖掘系统的设计和实现任职要求：1、 全日制计算机、数学、统计、金融等相关专业本科以上学历2、 具有良好的统计学、数学和数据挖掘知识基础3、 1年以上数据挖掘项目经验，3-5年相关研发工作经验4、 掌握至少一种统计分析和数据挖掘软件(R/Python)5、 有互联网背景，有网站用户行为研究经验优先6、 能够主动获取新知识，有系统性解决问题能力，有较强的进取精神7、 善于团队间沟通协调"
赴日java/Python软件开发-日语必须 ,Uniqsys优尼卡日本株式会社,外商独资,20-99人,15K-30K,本科,不限,全职,https://jobs.zhaopin.com/CC842910190J00181379304.htm,"※本职位为日本工作职位，简历请写明日语等级，不会日语的勿投，感谢配合！！！岗位要求：1、计算机相关专业本科以上学历，日语3级以上，能够进行日常会话，能正确理解设计书内容，有过2年以上对日开发经验或有日语能力2级以上资格证书者优先录用；2、有以下任何一门开发语言有2年以上开发经验、或计算机专业毕业、或日语一计算机专业毕业即可：JAVA，.NET，C#，C++/C，SAP，PHP，COBOL，IOS，Android，Salesforce，Python，CRM(dynamicsAX)等；有上述开发语言资格证书、oracle金银牌、CCNA或CCNP等计算机软硬件相关证书者可优先录用；3、为人忠厚老实，踏实勤奋，能够积极主动的完成上级交给的任务4、能够接受长期日本出差。工作地点：东京薪资待遇：日本员工同等待遇，视日语水平，工作经验而定（20万～60万日元/月）免费宿舍，交通补助，定期加薪，免费培训，定期团建，员工旅游，节日福利简历发送至；******************"
Python开发-ERP方向-实习生,上海迈智企业管理咨询事务所,民营,20-99人,4K-6K,本科,不限,校园,https://jobs.zhaopin.com/CC223715429J00390564807.htm,"一. 工作内容a) 协助技术经理完成公司信息系统的维护与开发b) 与客户沟通并明确系统需求c) 深入了解公司信息系统,制作相应的系统资料(如技术手册,系统介绍,测试数据等)二. 岗位要求a) 有Python开发相关经验,爬虫/机器学习/Web开发等任意经历皆可.*面试时需要你提供一段代码,并对代码进行解释.如果没有自己的项目代码,可以使用其他人的代码,面试官会对代码进行提问.b) 对Python Web的MTV或者MCV结构有所了解,能够解释三者之间的关系.*面试官会对MCV结构进行提问.c) 对关系型数据库有一定的接触,比如MySQL, PostgreSQL.了解简单的SQL查询语句(如LEFT JOIN,INNER JOIN)和字段对应关系(如Many2one,Many2many).*面试官会要求现场写一段简单的JOIN语句d) 英语读写优秀,能够看懂纯英文的技术文档面试时需要一段英语的自我介绍,以及简短的英语沟通,面试官会给你看一个应用的简单技术文档,你需要告诉面试官该应用的功能是什么e) 本科及以上学历在校生,一周至少四天,毕设期间不作要求,毕业后能继续合作最佳f) 男女不限,只看能力三. 加分项a) 对人事方面的工作,如招聘,薪酬,绩效等有过了解,我们的系统是围绕着这些模块展开的b) 已有的项目c) 优秀的在校成绩(包括成绩与提前修完的课程)d) 有Linux经验e) 会写简单的html代码,对一个页面的结构(head, body, footer)有简单的了解f) 会写简单的JavaScript,了解过Vue.js或者React.jsg) 了解一个网络请求背后的流程四. 福利待遇a) 实习期间工资: 本科生150元/天, 研究生200元/天b) 公司统一Free lunch,办公环境极佳,周边设施齐全c) 人性化弹性工作制,不进ICUd) 留用机会五. 工作细则a) 工作地点:西藏中路525号寰图办公A03迈智咨询（人民广场地铁出来5分钟）b) 工作时间:9:30-18:30(上午9:30-14:30, 下午14:30-18:30), 周一至周五c) 衣着外观整洁得体,有时客户会来办公室开会d) 向技术经理汇报"
自动化测试工程师（Python+Selenium）,北京元年科技股份有限公司,上市公司,500-999人,11K-15K,本科,3-5年,全职,https://jobs.zhaopin.com/CC155417417J00164525714.htm,"岗位职责:岗位职责:1、负责公司软件产品的功能测试工作，包括测试方案设计，测试用例编写，测试计划执行，测试结果分析，测试过程管理等；2、参与公司软件产品其它的测试工作；任职资格:任职资格:1、系统掌握软件测试相关知识；2、对业务感兴趣，能够快速了解和熟悉软件的功能和逻辑，可以根据软件产品，设计相应测试方案，并能分析测试结果；3、3年以上软件测试工作经验，拥有财务、ERP、供应链、OA等相关软件产品测试经验者优先；4、熟练使用Python+Selenium完成ui自动化的项目经验"
python开发工程师,上海华钦瑞成信息技术有限公司,其它,不限,15K-20K,本科,1-3年,全职,https://jobs.zhaopin.com/CC525555530J00304290702.htm,".其中1-2年大数据相关经验，python开发熟练，有spark开发经验加分，熟悉JAVA加分，英语读写熟练，可简单开口要求统招本科，计算机相关专业"
python开发工程师,上海百事通信息技术股份有限公司,股份制企业,1000-9999人,13K-25K,本科,3-5年,全职,https://jobs.zhaopin.com/CC151054919J00310625304.htm,"岗位描述：1 、通过与产品沟通进行需求分析，接口设计，技术文档编写；2 、负责Web，APP后台分布式系统的开发，优化与维护；3 、根据工作需要，设计并完成各种辅助工具的开发；4、能积极解决服务端出现的疑难问题。岗位要求:1 、具有良好的编程素养，熟悉Linux系统开发，TCP/IP协议；2、 数据结构，算法基础，Python语言扎实；3 、熟悉常用的web框架，数据库操作和设计模式；4 、熟悉敏捷开发，CI/CD自动化流程；5、 对分布式系统有一定的了解，最好有相应开发经验；6 、对挑战性问题充满激情，享受日益强大的过程，拒绝死于安乐和平庸。"
python开发工程师,北京捷科智诚科技有限公司,民营,1000-9999人,15K-20K,本科,3-5年,全职,https://jobs.zhaopin.com/CC273670418J00207713211.htm,"1. 负责开发资产探查产品；2. 负责技术攻关和创新技术引用3. 指导和协调其他开发人员的工作。任职资格：1. 2年以上的后端开发工作经验有良好的计算机专业知识和扎实的编程功底，计算机相关专业本科及以上学历；2. 熟练掌握至少一门Python Web开发框架（Tornado、Django、Flask等)，熟练使用正则表达式；3. 熟悉MySQL/Redis/MongoDB；4. 熟悉分布式、微服务、高性能Web服务的开发，有一定的系统架构设计能力者优先；5. 熟悉tcp/ip协议，熟练掌握网络基础知识；6. 有独立分析和解决问题的能力，有良好的团队合作精神。"
python开发（MJ000286）,上海锦江国际电子商务有限公司,股份制企业,500-999人,10K-20K,本科,1-3年,全职,https://jobs.zhaopin.com/CC531858125J00425070705.htm,"岗位职责1、参与爬虫系统的架构设计和研发工作；2、协助解决各类技术疑难问题，以及华为云、AWS的服务落地3、与AI团队、直销团队对接，完成实时数据的推送4、完成上级领导交给的其他工作任务任职要求1、计算机及相关专业本科及以上学历,两年以上相关工作经验；2、精通至少一种开发语言，如Python；3、熟练掌握一种开源爬虫框架，如scrapy,requests4、熟悉tornado/django/flask/twisted至少一种Web框架5、熟悉mysql, mongodb, redis等常用数据库；6、熟悉Appium、Uiautomator2，selenium等自动化技术及其原理优先；7、深入了解面向对象思想，有专研习惯优先，8、对技术有浓厚的兴趣，责任感强，有较好的交流沟通能力和团队合作能力"
python开发工程师,北京睿至大数据有限公司,民营,100-499人,10K-15K,本科,3-5年,全职,https://jobs.zhaopin.com/CC229657031J00174977114.htm,"任职要求：1、掌握常见的Python框架, 如Django、Flask、sqlalchemy、Tornado、gevent等等；2、掌握常见web开发框架，如angular、vuejs等等；3、了解开源网络监控系统，如zabbix、open-falcon、nagios等等；4、熟悉Git工作流，可以和团队协同工作；5、熟悉Linux下开发、熟练使用常用Linux命令；"
2621XS-资深Python开发工程师,平安好医投资管理有限公司,民营,100-499人,薪资面议,本科,3-5年,全职,https://jobs.zhaopin.com/CC284471238J00313178104.htm,"工作职责要求：1.负责后台支持系统的研发，包括但不限于数据平台，运管平台，自动化测试平台等；2.根据产品需求，进行系统设计和编码；3.持续对系统架构进行改造和优化；4.如熟悉Python数据分析更佳。任职资格：1. 精通Python语言并相关生态，三年以上开发经验；2. 具备良好的数据结构和算法基本功，理解设计模式，具备良好的编码习惯；3. 熟练掌握Django、flask、tornado、sqlalchemy、celery、nameko等主流框架；4. 熟练掌握postgres数据库，熟练使用redis、memcached之一5. 熟练使用mongodb、elasticsearch之一6. 熟悉分布式系统，熟练掌握一种以上消息中间件，熟悉RESTful规范，有微服务实践经验7. 熟练使用numpy、scipy、matplot、pillow等Python包及其相关扩展包者优先8. 熟练运用dcmtk、gdcm、vtk、itk、OpenCV、OpenGL等类库和框架者优先"
中级Python开发工程师(J10705),亚联创新科技有限责任公司,民营,500-999人,10K-15K,本科,3-5年,全职,https://jobs.zhaopin.com/CC328065582J00183802510.htm,"岗位职责:1、负责日常设计和开发工作；2、负责协助需求人员完成需求分析工作，编写设计文档;3、负责协助测试人员和用户完成测试；4、完成项目经理交代的其它任务；5、能够完成代码的研发工作，解决项目中关键问题和技术问题；任职要求:1. 3年及以上相关岗位工作经验，计算机相关专业。2. 熟练掌握python语言的基本语法；3. 熟练掌握python Excel文件处理方法，如xlrd、xlwt，矩阵运算numpy；4. 熟悉python自动化开发者优先，如网页自动化、系统自动化、软件自动化等；5. 有RPA流程机器人开发经验者优先；6. 责任心强，沟通能力佳，执行能力强且善于思考。"
Python,北京柯莱特科技有限公司,外商独资,1000-9999人,8K-10K,本科,1-3年,全职,https://jobs.zhaopin.com/CC120179637J00171172015.htm,"Python，Linux岗位要求:1、 2-3年开发经验2、熟悉Python、Java 语言3、有面向对象的设计思想，熟悉软件研发流程4、熟悉Linux系统常用命令，能进行服务器日常的简单运维工作"
